Timestamp,CPU_Usr,CPU_Sys,CPU_Idle,RAM_Used_MB,RAM_Free_MB,Top_Process_PS,Tasks_Total,Tasks_Running
"2026-10-10 18:59:42",23,10,66,5116,739,"ps (200%)",309,1
"2026-10-10 18:59:49",11,13,75,5112,743,"ps (200%)",306,3
"2026-10-10 18:59:55",9,9,82,5111,744,"ps (100%)",306,1
"2026-10-10 19:00:01",10,10,80,5098,756,"ps (200%)",306,2
"2026-10-10 19:00:08",5,6,89,5111,743,"ps (200%)",306,1
"2026-10-10 19:00:14",6,7,88,5110,745,"ps (300%)",306,2
"2026-10-10 19:00:21",6,6,88,5097,757,"ps (200%)",306,3
"2026-10-10 19:00:27",6,8,86,5106,748,"ps (100%)",306,1
"2026-10-10 19:00:33",6,9,85,5109,746,"ps (300%)",306,2
"2026-10-10 19:00:40",7,10,84,5120,734,"ps (200%)",306,1
"2026-10-10 19:00:46",6,8,86,5109,745,"ps (100%)",309,1
"2026-10-10 19:00:53",8,8,85,5114,740,"ps (300%)",307,2
